estado,mover_adelante,mover_atras,girar_izquierda,girar_derecha,esperar
"(0, 0, True)",0.0,0.0,0.0,0.0,0.0
"(0, 0, False)",0.0,0.0,0.0,0.0,0.0
"(0, 1, True)",0,0,0,0,0
"(0, 1, False)",0,0,0,0,0
"(0, 2, True)",0,0,0,0,0
"(0, 2, False)",0,0,0,0,0
"(0, 3, True)",0,0,0,0,0
"(0, 3, False)",0,0,0,0,0
"(0, 4, True)",0,0,0,0,0
"(0, 4, False)",0,0,0,0,0
"(0, 5, True)",0,0,0,0,0
"(0, 5, False)",0,0,0,0,0
"(0, 6, True)",0,0,0,0,0
"(0, 6, False)",0,0,0,0,0
"(0, 7, True)",0,0,0,0,0
"(0, 7, False)",0,0,0,0,0
"(0, 8, True)",0,0,0,0,0
"(0, 8, False)",0,0,0,0,0
"(0, 9, True)",0,0,0,0,0
"(0, 9, False)",0,0,0,0,0
"(0, 10, True)",0,0,0,0,0
"(0, 10, False)",0,0,0,0,0
"(0, 11, True)",0,0,0,0,0
"(0, 11, False)",0,0,0,0,0
"(0, 12, True)",0,0,0,0,0
"(0, 12, False)",0,0,0,0,0
"(0, 13, True)",0,0,0,0,0
"(0, 13, False)",0,0,0,0,0
"(0, 14, True)",0,0,0,0,0
"(0, 14, False)",0,0,0,0,0
"(1, 0, True)",0.0,0.0,0.0,0.0,0.0
"(1, 0, False)",0.0,0.0,0.0,0.0,0.0
"(1, 1, True)",0,0,0,0,0
"(1, 1, False)",0,0,0,0,0
"(1, 2, True)",0,0,0,0,0
"(1, 2, False)",0,0,0,0,0
"(1, 3, True)",0,0,0,0,0
"(1, 3, False)",0,0,0,0,0
"(1, 4, True)",0,0,0,0,0
"(1, 4, False)",0,0,0,0,0
"(1, 5, True)",0,0,0,0,0
"(1, 5, False)",0,0,0,0,0
"(1, 6, True)",0,0,0,0,0
"(1, 6, False)",0,0,0,0,0
"(1, 7, True)",0,0,0,0,0
"(1, 7, False)",0,0,0,0,0
"(1, 8, True)",0,0,0,0,0
"(1, 8, False)",0,0,0,0,0
"(1, 9, True)",0,0,0,0,0
"(1, 9, False)",0,0,0,0,0
"(1, 10, True)",0,0,0,0,0
"(1, 10, False)",0,0,0,0,0
"(1, 11, True)",0,0,0,0,0
"(1, 11, False)",0,0,0,0,0
"(1, 12, True)",0,0,0,0,0
"(1, 12, False)",0,0,0,0,0
"(1, 13, True)",0,0,0,0,0
"(1, 13, False)",0,0,0,0,0
"(1, 14, True)",0,0,0,0,0
"(1, 14, False)",0,0,0,0,0
"(2, 0, True)",0.0,0.0,0.0,0.0,0.0
"(2, 0, False)",0.0,0.0,0.0,0.0,0.0
"(2, 1, True)",0,0,0,0,0
"(2, 1, False)",0,0,0,0,0
"(2, 2, True)",0,0,0,0,0
"(2, 2, False)",0,0,0,0,0
"(2, 3, True)",0,0,0,0,0
"(2, 3, False)",0,0,0,0,0
"(2, 4, True)",0,0,0,0,0
"(2, 4, False)",0,0,0,0,0
"(2, 5, True)",0,0,0,0,0
"(2, 5, False)",0,0,0,0,0
"(2, 6, True)",0,0,0,0,0
"(2, 6, False)",0,0,0,0,0
"(2, 7, True)",0,0,0,0,0
"(2, 7, False)",0,0,0,0,0
"(2, 8, True)",0,0,0,0,0
"(2, 8, False)",0,0,0,0,0
"(2, 9, True)",0,0,0,0,0
"(2, 9, False)",0,0,0,0,0
"(2, 10, True)",0,0,0,0,0
"(2, 10, False)",0,0,0,0,0
"(2, 11, True)",0,0,0,0,0
"(2, 11, False)",0,0,0,0,0
"(2, 12, True)",0,0,0,0,0
"(2, 12, False)",0,0,0,0,0
"(2, 13, True)",0,0,0,0,0
"(2, 13, False)",0,0,0,0,0
"(2, 14, True)",0,0,0,0,0
"(2, 14, False)",0,0,0,0,0
"(3, 0, True)",0.0,0.0,0.0,0.0,0.0
"(3, 0, False)",0.0,0.0,0.0,0.0,0.0
"(3, 1, True)",0,0,0,0,0
"(3, 1, False)",0,0,0,0,0
"(3, 2, True)",0,0,0,0,0
"(3, 2, False)",0,0,0,0,0
"(3, 3, True)",0,0,0,0,0
"(3, 3, False)",0,0,0,0,0
"(3, 4, True)",0,0,0,0,0
"(3, 4, False)",0,0,0,0,0
"(3, 5, True)",0,0,0,0,0
"(3, 5, False)",0,0,0,0,0
"(3, 6, True)",0,0,0,0,0
"(3, 6, False)",0,0,0,0,0
"(3, 7, True)",0,0,0,0,0
"(3, 7, False)",0,0,0,0,0
"(3, 8, True)",0,0,0,0,0
"(3, 8, False)",0,0,0,0,0
"(3, 9, True)",0,0,0,0,0
"(3, 9, False)",0,0,0,0,0
"(3, 10, True)",0,0,0,0,0
"(3, 10, False)",0,0,0,0,0
"(3, 11, True)",0,0,0,0,0
"(3, 11, False)",0,0,0,0,0
"(3, 12, True)",0,0,0,0,0
"(3, 12, False)",0,0,0,0,0
"(3, 13, True)",0,0,0,0,0
"(3, 13, False)",0,0,0,0,0
"(3, 14, True)",0,0,0,0,0
"(3, 14, False)",0,0,0,0,0
"(4, 0, True)",0.0,0.0,0.0,0.0,0.0
"(4, 0, False)",0.0,0.0,0.0,0.0,0.0
"(4, 1, True)",0,0,0,0,0
"(4, 1, False)",0,0,0,0,0
"(4, 2, True)",0,0,0,0,0
"(4, 2, False)",0,0,0,0,0
"(4, 3, True)",0,0,0,0,0
"(4, 3, False)",0,0,0,0,0
"(4, 4, True)",0,0,0,0,0
"(4, 4, False)",0,0,0,0,0
"(4, 5, True)",0,0,0,0,0
"(4, 5, False)",0,0,0,0,0
"(4, 6, True)",0,0,0,0,0
"(4, 6, False)",0,0,0,0,0
"(4, 7, True)",0,0,0,0,0
"(4, 7, False)",0,0,0,0,0
"(4, 8, True)",0,0,0,0,0
"(4, 8, False)",0,0,0,0,0
"(4, 9, True)",0,0,0,0,0
"(4, 9, False)",0,0,0,0,0
"(4, 10, True)",0,0,0,0,0
"(4, 10, False)",0,0,0,0,0
"(4, 11, True)",0,0,0,0,0
"(4, 11, False)",0,0,0,0,0
"(4, 12, True)",0,0,0,0,0
"(4, 12, False)",0,0,0,0,0
"(4, 13, True)",0,0,0,0,0
"(4, 13, False)",0,0,0,0,0
"(4, 14, True)",0,0,0,0,0
"(4, 14, False)",0,0,0,0,0
"(5, 0, True)",0.0,0.0,0.0,0.0,0.0
"(5, 0, False)",0.0,0.0,0.0,0.0,0.0
"(5, 1, True)",0,0,0,0,0
"(5, 1, False)",0,0,0,0,0
"(5, 2, True)",0,0,0,0,0
"(5, 2, False)",0,0,0,0,0
"(5, 3, True)",0,0,0,0,0
"(5, 3, False)",0,0,0,0,0
"(5, 4, True)",0,0,0,0,0
"(5, 4, False)",0,0,0,0,0
"(5, 5, True)",0,0,0,0,0
"(5, 5, False)",0,0,0,0,0
"(5, 6, True)",0,0,0,0,0
"(5, 6, False)",0,0,0,0,0
"(5, 7, True)",0,0,0,0,0
"(5, 7, False)",0,0,0,0,0
"(5, 8, True)",0,0,0,0,0
"(5, 8, False)",0,0,0,0,0
"(5, 9, True)",0,0,0,0,0
"(5, 9, False)",0,0,0,0,0
"(5, 10, True)",0,0,0,0,0
"(5, 10, False)",0,0,0,0,0
"(5, 11, True)",0,0,0,0,0
"(5, 11, False)",0,0,0,0,0
"(5, 12, True)",0,0,0,0,0
"(5, 12, False)",0,0,0,0,0
"(5, 13, True)",0,0,0,0,0
"(5, 13, False)",0,0,0,0,0
"(5, 14, True)",0,0,0,0,0
"(5, 14, False)",0,0,0,0,0
"(6, 0, True)",0.0,0.0,0.0,0.0,0.0
"(6, 0, False)",0.0,0.0,0.0,0.0,0.0
"(6, 1, True)",0,0,0,0,0
"(6, 1, False)",0,0,0,0,0
"(6, 2, True)",0,0,0,0,0
"(6, 2, False)",0,0,0,0,0
"(6, 3, True)",0,0,0,0,0
"(6, 3, False)",0,0,0,0,0
"(6, 4, True)",0,0,0,0,0
"(6, 4, False)",0,0,0,0,0
"(6, 5, True)",0,0,0,0,0
"(6, 5, False)",0,0,0,0,0
"(6, 6, True)",0,0,0,0,0
"(6, 6, False)",0,0,0,0,0
"(6, 7, True)",0,0,0,0,0
"(6, 7, False)",0,0,0,0,0
"(6, 8, True)",0,0,0,0,0
"(6, 8, False)",0,0,0,0,0
"(6, 9, True)",0,0,0,0,0
"(6, 9, False)",0,0,0,0,0
"(6, 10, True)",0,0,0,0,0
"(6, 10, False)",0,0,0,0,0
"(6, 11, True)",0,0,0,0,0
"(6, 11, False)",0,0,0,0,0
"(6, 12, True)",0,0,0,0,0
"(6, 12, False)",0,0,0,0,0
"(6, 13, True)",0,0,0,0,0
"(6, 13, False)",0,0,0,0,0
"(6, 14, True)",0,0,0,0,0
"(6, 14, False)",0,0,0,0,0
"(7, 0, True)",0.0,0.0,0.0,0.0,0.0
"(7, 0, False)",0.0,0.0,0.0,0.0,0.0
"(7, 1, True)",0,0,0,0,0
"(7, 1, False)",0,0,0,0,0
"(7, 2, True)",0,0,0,0,0
"(7, 2, False)",0,0,0,0,0
"(7, 3, True)",0,0,0,0,0
"(7, 3, False)",0,0,0,0,0
"(7, 4, True)",0,0,0,0,0
"(7, 4, False)",0,0,0,0,0
"(7, 5, True)",0,0,0,0,0
"(7, 5, False)",0,0,0,0,0
"(7, 6, True)",0,0,0,0,0
"(7, 6, False)",0,0,0,0,0
"(7, 7, True)",0,0,0,0,0
"(7, 7, False)",0,0,0,0,0
"(7, 8, True)",0,0,0,0,0
"(7, 8, False)",0,0,0,0,0
"(7, 9, True)",0,0,0,0,0
"(7, 9, False)",0,0,0,0,0
"(7, 10, True)",0,0,0,0,0
"(7, 10, False)",0,0,0,0,0
"(7, 11, True)",0,0,0,0,0
"(7, 11, False)",0,0,0,0,0
"(7, 12, True)",0,0,0,0,0
"(7, 12, False)",0,0,0,0,0
"(7, 13, True)",0,0,0,0,0
"(7, 13, False)",0,0,0,0,0
"(7, 14, True)",0,0,0,0,0
"(7, 14, False)",0,0,0,0,0
"(8, 0, True)",0.0,0.0,0.0,0.0,0.0
"(8, 0, False)",0.0,0.0,0.0,0.0,0.0
"(8, 1, True)",0,0,0,0,0
"(8, 1, False)",0,0,0,0,0
"(8, 2, True)",0,0,0,0,0
"(8, 2, False)",0,0,0,0,0
"(8, 3, True)",0,0,0,0,0
"(8, 3, False)",0,0,0,0,0
"(8, 4, True)",0,0,0,0,0
"(8, 4, False)",0,0,0,0,0
"(8, 5, True)",0,0,0,0,0
"(8, 5, False)",0,0,0,0,0
"(8, 6, True)",0,0,0,0,0
"(8, 6, False)",0,0,0,0,0
"(8, 7, True)",0,0,0,0,0
"(8, 7, False)",0,0,0,0,0
"(8, 8, True)",0,0,0,0,0
"(8, 8, False)",0,0,0,0,0
"(8, 9, True)",0,0,0,0,0
"(8, 9, False)",0,0,0,0,0
"(8, 10, True)",0,0,0,0,0
"(8, 10, False)",0,0,0,0,0
"(8, 11, True)",0,0,0,0,0
"(8, 11, False)",0,0,0,0,0
"(8, 12, True)",0,0,0,0,0
"(8, 12, False)",0,0,0,0,0
"(8, 13, True)",0,0,0,0,0
"(8, 13, False)",0,0,0,0,0
"(8, 14, True)",0,0,0,0,0
"(8, 14, False)",0,0,0,0,0
"(9, 0, True)",0.0,0.0,0.0,0.0,0.0
"(9, 0, False)",0.0,0.0,0.0,0.0,0.0
"(9, 1, True)",0,0,0,0,0
"(9, 1, False)",0,0,0,0,0
"(9, 2, True)",0,0,0,0,0
"(9, 2, False)",0,0,0,0,0
"(9, 3, True)",0,0,0,0,0
"(9, 3, False)",0,0,0,0,0
"(9, 4, True)",0,0,0,0,0
"(9, 4, False)",0,0,0,0,0
"(9, 5, True)",0,0,0,0,0
"(9, 5, False)",0,0,0,0,0
"(9, 6, True)",0,0,0,0,0
"(9, 6, False)",0,0,0,0,0
"(9, 7, True)",0,0,0,0,0
"(9, 7, False)",0,0,0,0,0
"(9, 8, True)",0,0,0,0,0
"(9, 8, False)",0,0,0,0,0
"(9, 9, True)",0,0,0,0,0
"(9, 9, False)",0,0,0,0,0
"(9, 10, True)",0,0,0,0,0
"(9, 10, False)",0,0,0,0,0
"(9, 11, True)",0,0,0,0,0
"(9, 11, False)",0,0,0,0,0
"(9, 12, True)",0,0,0,0,0
"(9, 12, False)",0,0,0,0,0
"(9, 13, True)",0,0,0,0,0
"(9, 13, False)",0,0,0,0,0
"(9, 14, True)",0,0,0,0,0
"(9, 14, False)",0,0,0,0,0
"(10, 0, True)",0.0,0.0,0.0,0.0,0.0
"(10, 0, False)",0.0,0.0,0.0,0.0,0.0
"(10, 1, True)",0,0,0,0,0
"(10, 1, False)",0,0,0,0,0
"(10, 2, True)",0,0,0,0,0
"(10, 2, False)",0,0,0,0,0
"(10, 3, True)",0,0,0,0,0
"(10, 3, False)",0,0,0,0,0
"(10, 4, True)",0,0,0,0,0
"(10, 4, False)",0,0,0,0,0
"(10, 5, True)",0,0,0,0,0
"(10, 5, False)",0,0,0,0,0
"(10, 6, True)",0,0,0,0,0
"(10, 6, False)",0,0,0,0,0
"(10, 7, True)",0,0,0,0,0
"(10, 7, False)",0,0,0,0,0
"(10, 8, True)",0,0,0,0,0
"(10, 8, False)",0,0,0,0,0
"(10, 9, True)",0,0,0,0,0
"(10, 9, False)",0,0,0,0,0
"(10, 10, True)",0,0,0,0,0
"(10, 10, False)",0,0,0,0,0
"(10, 11, True)",0,0,0,0,0
"(10, 11, False)",0,0,0,0,0
"(10, 12, True)",0,0,0,0,0
"(10, 12, False)",0,0,0,0,0
"(10, 13, True)",0,0,0,0,0
"(10, 13, False)",0,0,0,0,0
"(10, 14, True)",0,0,0,0,0
"(10, 14, False)",0,0,0,0,0
"(11, 0, True)",0.0,0.0,0.0,0.0,0.0
"(11, 0, False)",0.0,0.0,0.0,0.0,0.0
"(11, 1, True)",0,0,0,0,0
"(11, 1, False)",0,0,0,0,0
"(11, 2, True)",0,0,0,0,0
"(11, 2, False)",0,0,0,0,0
"(11, 3, True)",0,0,0,0,0
"(11, 3, False)",0,0,0,0,0
"(11, 4, True)",0,0,0,0,0
"(11, 4, False)",0,0,0,0,0
"(11, 5, True)",0,0,0,0,0
"(11, 5, False)",0,0,0,0,0
"(11, 6, True)",0,0,0,0,0
"(11, 6, False)",0,0,0,0,0
"(11, 7, True)",0,0,0,0,0
"(11, 7, False)",0,0,0,0,0
"(11, 8, True)",0,0,0,0,0
"(11, 8, False)",0,0,0,0,0
"(11, 9, True)",0,0,0,0,0
"(11, 9, False)",0,0,0,0,0
"(11, 10, True)",0,0,0,0,0
"(11, 10, False)",0,0,0,0,0
"(11, 11, True)",0,0,0,0,0
"(11, 11, False)",0,0,0,0,0
"(11, 12, True)",0,0,0,0,0
"(11, 12, False)",0,0,0,0,0
"(11, 13, True)",0,0,0,0,0
"(11, 13, False)",0,0,0,0,0
"(11, 14, True)",0,0,0,0,0
"(11, 14, False)",0,0,0,0,0
"(12, 0, True)",0.0,0.0,0.0,0.0,0.0
"(12, 0, False)",0.0,0.0,0.0,0.0,0.0
"(12, 1, True)",0,0,0,0,0
"(12, 1, False)",0,0,0,0,0
"(12, 2, True)",0,0,0,0,0
"(12, 2, False)",0,0,0,0,0
"(12, 3, True)",0,0,0,0,0
"(12, 3, False)",0,0,0,0,0
"(12, 4, True)",0,0,0,0,0
"(12, 4, False)",0,0,0,0,0
"(12, 5, True)",0,0,0,0,0
"(12, 5, False)",0,0,0,0,0
"(12, 6, True)",0,0,0,0,0
"(12, 6, False)",0,0,0,0,0
"(12, 7, True)",0,0,0,0,0
"(12, 7, False)",0,0,0,0,0
"(12, 8, True)",0,0,0,0,0
"(12, 8, False)",0,0,0,0,0
"(12, 9, True)",0,0,0,0,0
"(12, 9, False)",0,0,0,0,0
"(12, 10, True)",0,0,0,0,0
"(12, 10, False)",0,0,0,0,0
"(12, 11, True)",0,0,0,0,0
"(12, 11, False)",0,0,0,0,0
"(12, 12, True)",0,0,0,0,0
"(12, 12, False)",0,0,0,0,0
"(12, 13, True)",0,0,0,0,0
"(12, 13, False)",0,0,0,0,0
"(12, 14, True)",0,0,0,0,0
"(12, 14, False)",0,0,0,0,0
"(13, 0, True)",0.0,0.0,0.0,0.0,0.0
"(13, 0, False)",0.0,0.0,0.0,0.0,0.0
"(13, 1, True)",0,0,0,0,0
"(13, 1, False)",0,0,0,0,0
"(13, 2, True)",0,0,0,0,0
"(13, 2, False)",0,0,0,0,0
"(13, 3, True)",0,0,0,0,0
"(13, 3, False)",0,0,0,0,0
"(13, 4, True)",0,0,0,0,0
"(13, 4, False)",0,0,0,0,0
"(13, 5, True)",0,0,0,0,0
"(13, 5, False)",0,0,0,0,0
"(13, 6, True)",0,0,0,0,0
"(13, 6, False)",0,0,0,0,0
"(13, 7, True)",0,0,0,0,0
"(13, 7, False)",0,0,0,0,0
"(13, 8, True)",0,0,0,0,0
"(13, 8, False)",0,0,0,0,0
"(13, 9, True)",0,0,0,0,0
"(13, 9, False)",0,0,0,0,0
"(13, 10, True)",0,0,0,0,0
"(13, 10, False)",0,0,0,0,0
"(13, 11, True)",0,0,0,0,0
"(13, 11, False)",0,0,0,0,0
"(13, 12, True)",0,0,0,0,0
"(13, 12, False)",0,0,0,0,0
"(13, 13, True)",0,0,0,0,0
"(13, 13, False)",0,0,0,0,0
"(13, 14, True)",0,0,0,0,0
"(13, 14, False)",0,0,0,0,0
"(14, 0, True)",0.0,0.0,0.0,0.0,0.0
"(14, 0, False)",0.0,0.0,0.0,0.0,0.0
"(14, 1, True)",0,0,0,0,0
"(14, 1, False)",0,0,0,0,0
"(14, 2, True)",0,0,0,0,0
"(14, 2, False)",0,0,0,0,0
"(14, 3, True)",0,0,0,0,0
"(14, 3, False)",0,0,0,0,0
"(14, 4, True)",0,0,0,0,0
"(14, 4, False)",0,0,0,0,0
"(14, 5, True)",0,0,0,0,0
"(14, 5, False)",0,0,0,0,0
"(14, 6, True)",0,0,0,0,0
"(14, 6, False)",0,0,0,0,0
"(14, 7, True)",0,0,0,0,0
"(14, 7, False)",0,0,0,0,0
"(14, 8, True)",0,0,0,0,0
"(14, 8, False)",0,0,0,0,0
"(14, 9, True)",0,0,0,0,0
"(14, 9, False)",0,0,0,0,0
"(14, 10, True)",0,0,0,0,0
"(14, 10, False)",0,0,0,0,0
"(14, 11, True)",0,0,0,0,0
"(14, 11, False)",0,0,0,0,0
"(14, 12, True)",0,0,0,0,0
"(14, 12, False)",0,0,0,0,0
"(14, 13, True)",0,0,0,0,0
"(14, 13, False)",0,0,0,0,0
"(14, 14, True)",0,0,0,0,0
"(14, 14, False)",0,0,0,0,0
"(15, 0, True)",0.0,0.0,0.0,0.0,0.0
"(15, 0, False)",0.0,0.0,0.0,0.0,0.0
"(15, 1, True)",0,0,0,0,0
"(15, 1, False)",0,0,0,0,0
"(15, 2, True)",0,0,0,0,0
"(15, 2, False)",0,0,0,0,0
"(15, 3, True)",0,0,0,0,0
"(15, 3, False)",0,0,0,0,0
"(15, 4, True)",0,0,0,0,0
"(15, 4, False)",0,0,0,0,0
"(15, 5, True)",0,0,0,0,0
"(15, 5, False)",0,0,0,0,0
"(15, 6, True)",0,0,0,0,0
"(15, 6, False)",0,0,0,0,0
"(15, 7, True)",0,0,0,0,0
"(15, 7, False)",-0.04690000000000004,0,0,0,0
"(15, 8, True)",0,0,0,0,0
"(15, 8, False)",0,0,0,0,0
"(15, 9, True)",0,0,0,0,0
"(15, 9, False)",-0.14,0,-0.18200000000000002,-0.14,0
"(15, 10, True)",0,0,0,0,0
"(15, 10, False)",-0.04690000000000004,0,-0.14,0,0
"(15, 11, True)",0,0,0,0,0
"(15, 11, False)",-0.03304000000000004,0,-0.14,-0.14,-0.14
"(15, 12, True)",0,0,0,0,0
"(15, 12, False)",0,0,0,0,0
"(15, 13, True)",0,0,0,0,0
"(15, 13, False)",0,0,0,0,0
"(15, 14, True)",0,0,0,0,0
"(15, 14, False)",0,0,0,0,0
"(16, 0, True)",0.0,0.0,0.0,0.0,0.0
"(16, 0, False)",0.0,0.0,0.0,0.0,0.0
"(16, 1, True)",0,0,0,0,0
"(16, 1, False)",0,0,0,0,0
"(16, 2, True)",0,0,0,0,0
"(16, 2, False)",0,0,0,0,0
"(16, 3, True)",0,0,0,0,0
"(16, 3, False)",0,0,0,0,0
"(16, 4, True)",0,0,0,0,0
"(16, 4, False)",0.13999999999999999,0,-0.14,0,-0.18200000000000002
"(16, 5, True)",0,0,0,0,0
"(16, 5, False)",-0.14,0,0,0,0
"(16, 6, True)",0,0,0,0,0
"(16, 6, False)",-0.06097000000000004,0,-0.14,-0.14,-0.14
"(16, 7, True)",0,0,0,0,0
"(16, 7, False)",-0.14,0.182,-0.14,-0.04690000000000004,0
"(16, 8, True)",0,0,0,0,0
"(16, 8, False)",-0.14,0,-0.14,-0.19951400000000002,-0.19460000000000002
"(16, 9, True)",0,0,0,0,0
"(16, 9, False)",0.025838049999999946,0,0,-0.14,0
"(16, 10, True)",0,0,0,0,0
"(16, 10, False)",-0.18200000000000002,0.13999999999999999,0,-0.04690000000000004,-0.14
"(16, 11, True)",0,0,0,0,0
"(16, 11, False)",0.23309999999999995,0.182,-0.03304000000000004,-0.04690000000000004,0
"(16, 12, True)",0,0,0,0,0
"(16, 12, False)",0,0,0,0,0
"(16, 13, True)",0,0,0,0,0
"(16, 13, False)",0,0,0,0,0
"(16, 14, True)",0,0,0,0,0
"(16, 14, False)",0,0,0,0,0
"(17, 0, True)",0.0,0.0,0.0,0.0,0.0
"(17, 0, False)",0.0,0.0,0.0,0.0,0.0
"(17, 1, True)",0,0,0,0,0
"(17, 1, False)",0,0,0,0,0
"(17, 2, True)",0,0,0,0,0
"(17, 2, False)",0,0,0,0,0
"(17, 3, True)",0,0,0,0,0
"(17, 3, False)",0.19109999999999994,0,-0.14,-0.18200000000000002,-0.14
"(17, 4, True)",0,0,0,0,0
"(17, 4, False)",0.13999999999999999,0.13999999999999999,0,-0.04690000000000004,0
"(17, 5, True)",0,0,0,0,0
"(17, 5, False)",0,0,0,0,0
"(17, 6, True)",0,0,0,0,0
"(17, 6, False)",0,0,0,0,0
"(17, 7, True)",0,0,0,0,0
"(17, 7, False)",0,0,0,0,0
"(17, 8, True)",0,0,0,0,0
"(17, 8, False)",0,0,0,0,0
"(17, 9, True)",0,0,0,0,0
"(17, 9, False)",-0.14,0.20516999999999996,0,-0.14,-0.14
"(17, 10, True)",0,0,0,0,0
"(17, 10, False)",0.13999999999999999,-0.14,-0.19460000000000002,-0.14,-0.18200000000000002
"(17, 11, True)",0,0,0,0,0
"(17, 11, False)",-0.14,0.13999999999999999,0,-0.14,0
"(17, 12, True)",0,0,0,0,0
"(17, 12, False)",0,0,0,0,0
"(17, 13, True)",0,0,0,0,0
"(17, 13, False)",0,0,0,0,0
"(17, 14, True)",0,0,0,0,0
"(17, 14, False)",0,0,0,0,0
"(18, 0, True)",0.0,0.0,0.0,0.0,0.0
"(18, 0, False)",-0.04690000000000004,0.0,0.0,0.0,0.0
"(18, 1, True)",0,0,0,0,0
"(18, 1, False)",0,0,0,0,0
"(18, 2, True)",0,0,0,0,0
"(18, 2, False)",0,0.13999999999999999,-0.14,-0.18200000000000002,0
"(18, 3, True)",0,0,0,0,0
"(18, 3, False)",0,0.13999999999999999,0,-0.14,0
"(18, 4, True)",0,0,0,0,0
"(18, 4, False)",0,0,0,0,0
"(18, 5, True)",0,0,0,0,0
"(18, 5, False)",0,0,0,0,0
"(18, 6, True)",0,0,0,0,0
"(18, 6, False)",0,-0.04690000000000004,0,0,0
"(18, 7, True)",0,0,0,0,0
"(18, 7, False)",0,0,0,0,0
"(18, 8, True)",0,0,0,0,0
"(18, 8, False)",0,0,0,0,0
"(18, 9, True)",0,0,0,0,0
"(18, 9, False)",-0.14,-0.06897100000000006,-0.18200000000000002,0,-0.19460000000000002
"(18, 10, True)",0,0,0,0,0
"(18, 10, False)",0.182,-0.04690000000000004,0,0,-0.04690000000000004
"(18, 11, True)",0,0,0,0,0
"(18, 11, False)",0.23309999999999995,0.13999999999999999,0,0,0
"(18, 12, True)",0,0,0,0,0
"(18, 12, False)",0,0,0,0,0
"(18, 13, True)",0,0,0,0,0
"(18, 13, False)",0,0,0,0,0
"(18, 14, True)",0,0,0,0,0
"(18, 14, False)",0,0,0,0,0
"(19, 0, True)",0.0,0.0,0.0,0.0,0.0
"(19, 0, False)",0.0,0.182,-0.10528000000000005,0.0,-0.14
"(19, 1, True)",0,0,0,0,0
"(19, 1, False)",-0.15407000000000004,0.13999999999999999,0,-0.14,-0.18200000000000002
"(19, 2, True)",0,0,0,0,0
"(19, 2, False)",0.13999999999999999,0,-0.14,0,-0.14
"(19, 3, True)",0,0,0,0,0
"(19, 3, False)",0,0,0,0,0
"(19, 4, True)",0,0,0,0,0
"(19, 4, False)",0,0.13999999999999999,-0.14,-0.18200000000000002,0
"(19, 5, True)",0,0,0,0,0
"(19, 5, False)",0,0.28228964749999996,0.019514949999999916,0.015011499999999935,0.019514949999999916
"(19, 6, True)",0,0,0,0,0
"(19, 6, False)",0.05701149999999994,-0.04690000000000004,0,0,0
"(19, 7, True)",0,0,0,0,0
"(19, 7, False)",0,0,0,0,0
"(19, 8, True)",0,0,0,0,0
"(19, 8, False)",0,0,0,0,0
"(19, 9, True)",0,0,0,0,0
"(19, 9, False)",0.13999999999999999,0.020051499999999917,-0.06645730000000005,0,-0.04690000000000004
"(19, 10, True)",0,0,0,0,0
"(19, 10, False)",0,0,0,0,0
"(19, 11, True)",0,0,0,0,0
"(19, 11, False)",0,0,0,0,0
"(19, 12, True)",0,0,0,0,0
"(19, 12, False)",0,0,0,0,0
"(19, 13, True)",0,0,0,0,0
"(19, 13, False)",0,0,0,0,0
"(19, 14, True)",0,0,0,0,0
"(19, 14, False)",0,0,0,0,0
"(20, 0, True)",0.0,0.0,0.0,0.0,0.0
"(20, 0, False)",0.08539999999999995,0.12312303499999996,-0.08816013624250008,-0.14,-0.10012318172500007
"(20, 1, True)",0,0,0,0,0
"(20, 1, False)",0.11590882728949997,0.13999999999999999,-0.19460000000000002,-0.06097000000000005,-0.10150000000000005
"(20, 2, True)",0,0,0,0,0
"(20, 2, False)",0,-0.14,0,0,0
"(20, 3, True)",0,0,0,0,0
"(20, 3, False)",0.1508115,-0.098,-0.14,-0.06097000000000005,0
"(20, 4, True)",0,0,0,0,0
"(20, 4, False)",0.177779,-0.06097000000000005,-0.21318850000000006,-0.12680006500000007,-0.14
"(20, 5, True)",0,0,0,0,0
"(20, 5, False)",-0.05625655000000004,0.26574345,0,-0.06764035250000004,-0.06764035250000004
"(20, 6, True)",0,0,0,0,0
"(20, 6, False)",0.07871939424999996,0.13999999999999999,-0.10641400000000005,0,0
"(20, 7, True)",0,0,0,0,0
"(20, 7, False)",0,0,0,0,0
"(20, 8, True)",0,0,0,0,0
"(20, 8, False)",0,0,0,0,0
"(20, 9, True)",0,0,0,0,0
"(20, 9, False)",0.27509999999999996,-0.14,0.042941499999999924,0.042941499999999924,0.02887149999999991
"(20, 10, True)",0,0,0,0,0
"(20, 10, False)",0,0,0,0,0
"(20, 11, True)",0,0,0,0,0
"(20, 11, False)",0,0,0,0,0
"(20, 12, True)",0,0,0,0,0
"(20, 12, False)",0,0,0,0,0
"(20, 13, True)",0,0,0,0,0
"(20, 13, False)",0,0,0,0,0
"(20, 14, True)",0,0,0,0,0
"(20, 14, False)",0,0,0,0,0
"(21, 0, True)",0.0,0.0,0.0,0.0,0.0
"(21, 0, False)",0.1372637,-0.14728719950000002,-0.16194005450000004,0.0,-0.19084308950000003
"(21, 1, True)",0,0,0,0,0
"(21, 1, False)",0,0.182,-0.19838000000000003,-0.18200000000000002,-0.18200000000000002
"(21, 2, True)",0,0,0,0,0
"(21, 2, False)",0,0.13999999999999999,0,0,0
"(21, 3, True)",0,0,0,0,0
"(21, 3, False)",0,0.13999999999999999,-0.19460000000000002,0,0
"(21, 4, True)",0,0,0,0,0
"(21, 4, False)",0.13999999999999999,0.13999999999999999,-0.10641400000000005,-0.07357000000000005,-0.14
"(21, 5, True)",0,0,0,0,0
"(21, 5, False)",0,-0.04690000000000004,0,0,0
"(21, 6, True)",0,0,0,0,0
"(21, 6, False)",0.13999999999999999,0,-0.14,0,0
"(21, 7, True)",0,0,0,0,0
"(21, 7, False)",0.13999999999999999,-0.04690000000000004,0,0,-0.14
"(21, 8, True)",0,0,0,0,0
"(21, 8, False)",0.182,-0.04690000000000004,0,0,0
"(21, 9, True)",0,0,0,0,0
"(21, 9, False)",0.27509999999999996,0,0,-0.14,-0.04690000000000004
"(21, 10, True)",0,0,0,0,0
"(21, 10, False)",0,0,0,0,0
"(21, 11, True)",0,0,0,0,0
"(21, 11, False)",0,0,0,0,0
"(21, 12, True)",0,0,0,0,0
"(21, 12, False)",0,0,0,0,0
"(21, 13, True)",0,0,0,0,0
"(21, 13, False)",0,0,0,0,0
"(21, 14, True)",0,0,0,0,0
"(21, 14, False)",0,0,0,0,0
"(22, 0, True)",0.0,0.0,0.0,0.0,0.0
"(22, 0, False)",0.1921997,0.13999999999999999,-0.14,-0.07735000000000006,-0.055874665000000066
"(22, 1, True)",0,0,0,0,0
"(22, 1, False)",0,0,0,0,0
"(22, 2, True)",0,0,0,0,0
"(22, 2, False)",0,0,0,0,0
"(22, 3, True)",0,0,0,0,0
"(22, 3, False)",0,0,0,0,0
"(22, 4, True)",0,0,0,0,0
"(22, 4, False)",0,-0.14,0,0,0
"(22, 5, True)",0,0,0,0,0
"(22, 5, False)",0,0,0,0,0
"(22, 6, True)",0,0,0,0,0
"(22, 6, False)",0,0,0,0,0
"(22, 7, True)",0,0,0,0,0
"(22, 7, False)",0,0,0,0,0
"(22, 8, True)",0,0,0,0,0
"(22, 8, False)",0,0,0,0,0
"(22, 9, True)",0,0,0,0,0
"(22, 9, False)",0,0,0,0,0
"(22, 10, True)",0,0,0,0,0
"(22, 10, False)",0,0,0,0,0
"(22, 11, True)",0,0,0,0,0
"(22, 11, False)",0,0,0,0,0
"(22, 12, True)",0,0,0,0,0
"(22, 12, False)",0,0,0,0,0
"(22, 13, True)",0,0,0,0,0
"(22, 13, False)",-0.05625655000000004,-0.098,-0.19985420000000004,-0.18200000000000002,-0.16207100000000002
"(22, 14, True)",0,0,0,0,0
"(22, 14, False)",0,0,0,0,0
"(23, 0, True)",0.0,0.0,0.0,0.0,0.0
"(23, 0, False)",0.19109999999999994,0.13999999999999999,-0.14,-0.14,-0.14
"(23, 1, True)",0,0,0,0,0
"(23, 1, False)",0,0,0,0,0
"(23, 2, True)",0,0,0,0,0
"(23, 2, False)",0,0,0,0,0
"(23, 3, True)",0,0,0,0,0
"(23, 3, False)",0,0,0,0,0
"(23, 4, True)",0,0,0,0,0
"(23, 4, False)",0,-0.08890000000000005,0,0,-0.14
"(23, 5, True)",0,0,0,0,0
"(23, 5, False)",0,0,0,0,0
"(23, 6, True)",0,0,0,0,0
"(23, 6, False)",0.13999999999999999,0,0,-0.14,-0.14
"(23, 7, True)",0,0,0,0,0
"(23, 7, False)",0.13999999999999999,0,0,0,0
"(23, 8, True)",0,0,0,0,0
"(23, 8, False)",0,0.23309999999999995,0,-0.14,-0.18200000000000002
"(23, 9, True)",0,0,0,0,0
"(23, 9, False)",0.13999999999999999,0,-0.18200000000000002,-0.18200000000000002,-0.14
"(23, 10, True)",0,0,0,0,0
"(23, 10, False)",0,0,0,0,0
"(23, 11, True)",0,0,0,0,0
"(23, 11, False)",0,0,0,0,0
"(23, 12, True)",0,0,0,0,0
"(23, 12, False)",0,0,0,0,0
"(23, 13, True)",0,0,0,0,0
"(23, 13, False)",-0.08765203247500007,-0.14,0,0,-0.14
"(23, 14, True)",0,0,0,0,0
"(23, 14, False)",0,0,0,0,0
"(24, 0, True)",0.0,0.0,0.0,0.0,0.0
"(24, 0, False)",0.20613673499999996,0.0,-0.14,-0.19460000000000002,-0.19460000000000002
"(24, 1, True)",0,0,0,0,0
"(24, 1, False)",0,0,0,0,0
"(24, 2, True)",0,0,0,0,0
"(24, 2, False)",0,0,0,0,0
"(24, 3, True)",0,0,0,0,0
"(24, 3, False)",0,0,0,0,0
"(24, 4, True)",0,0,0,0,0
"(24, 4, False)",0.13999999999999999,0.09799999999999998,0,-0.04690000000000004,-0.10150000000000005
"(24, 5, True)",0,0,0,0,0
"(24, 5, False)",0,-0.04690000000000004,0,0,0
"(24, 6, True)",0,0,0,0,0
"(24, 6, False)",0.13999999999999999,-0.18200000000000002,0,0,0
"(24, 7, True)",0,0,0,0,0
"(24, 7, False)",0.13999999999999999,0.24850439249999995,0.0637130112499999,0,0.03156201124999991
"(24, 8, True)",0,0,0,0,0
"(24, 8, False)",-0.004900000000000043,0.27509999999999996,-0.04690000000000004,-0.06097000000000005,-0.06519100000000005
"(24, 9, True)",0,0,0,0,0
"(24, 9, False)",0.182,-0.098,0,-0.16667000000000004,-0.16667000000000004
"(24, 10, True)",0,0,0,0,0
"(24, 10, False)",-0.14,-0.03304000000000004,-0.14,-0.14,0
"(24, 11, True)",0,0,0,0,0
"(24, 11, False)",-0.08890000000000005,0.24157579424999998,-0.18200000000000002,-0.24111850000000004,-0.14
"(24, 12, True)",0,0,0,0,0
"(24, 12, False)",0.21590345,-0.098,0.0035757942499999667,0.005066900452249953,-0.010494205750000048
"(24, 13, True)",0,0,0,0,0
"(24, 13, False)",0.2662526474999999,0.11897899999999997,-0.05622604750000007,0.019514949999999916,-0.07774677925000006
"(24, 14, True)",0,0,0,0,0
"(24, 14, False)",0,0,0,0,0
"(25, 0, True)",0.0,0.0,0.0,0.0,0.0
"(25, 0, False)",0.2111424754775,0.05969915397512496,-0.08987755000000004,0.00798220631766243,-0.03819353987487506
"(25, 1, True)",0,0,0,0,0
"(25, 1, False)",0,0,0,0,0
"(25, 2, True)",0,0,0,0,0
"(25, 2, False)",0,0,0,0,0
"(25, 3, True)",0,0,0,0,0
"(25, 3, False)",0.13999999999999999,0,0,0,0
"(25, 4, True)",0,0,0,0,0
"(25, 4, False)",-0.14,0.19109999999999994,-0.18200000000000002,0,0
"(25, 5, True)",0,0,0,0,0
"(25, 5, False)",0.3242006774999999,0,0,-0.19838000000000003,-0.18200000000000002
"(25, 6, True)",0,0,0,0,0
"(25, 6, False)",0.27699349999999995,-0.18622100000000003,0.0626323600174999,0.005413246999999899,0.01155722749999992
"(25, 7, True)",0,0,0,0,0
"(25, 7, False)",-0.07698268200000004,0.08648540074999993,-0.05099429300000007,-0.031050178250000064,-0.038125535000000065
"(25, 8, True)",0,0,0,0,0
"(25, 8, False)",-0.08824721500000006,-0.14,0,-0.14,-0.14
"(25, 9, True)",0,0,0,0,0
"(25, 9, False)",-0.14,0.1933337,-0.24039925000000006,-0.14,-0.24005905000000008
"(25, 10, True)",0,0,0,0,0
"(25, 10, False)",-0.011087965000000047,0.13999999999999999,-0.12497065000000004,-0.15830605000000003,-0.01897000000000003
"(25, 11, True)",0,0,0,0,0
"(25, 11, False)",-0.07106260000000003,0.22355135878068216,0.08264188063117914,-0.19460000000000002,-0.039710352500000046
"(25, 12, True)",0,0,0,0,0
"(25, 12, False)",0.06379559086133298,-0.04690000000000004,0.01979261558749996,0.0916135741044321,0.13955135878068214
"(25, 13, True)",0,0,0,0,0
"(25, 13, False)",0.25779261558749994,0.21912103499999994,-0.03628451172500008,-0.14,0
"(25, 14, True)",0,0,0,0,0
"(25, 14, False)",0,0,0,0,0
"(26, 0, True)",0.0,0.0,0.0,0.0,0.0
"(26, 0, False)",0.0,0.33969915397512496,0.0,-0.06097000000000005,0.0
"(26, 1, True)",0,0,0,0,0
"(26, 1, False)",0,0,0,0,0
"(26, 2, True)",0,0,0,0,0
"(26, 2, False)",0,0,0,0,0
"(26, 3, True)",0,0,0,0,0
"(26, 3, False)",0,0,0,0,0
"(26, 4, True)",0,0,0,0,0
"(26, 4, False)",0.13999999999999999,0.182,0,-0.14,-0.18200000000000002
"(26, 5, True)",0,0,0,0,0
"(26, 5, False)",0,-0.08890000000000005,0,-0.14,-0.14
"(26, 6, True)",0,0,0,0,0
"(26, 6, False)",0.3371601975,-0.09945495000000003,-0.14,0,-0.19951400000000002
"(26, 7, True)",0,0,0,0,0
"(26, 7, False)",0.08231562191124994,0.09773384424999995,0.08165694282107104,0.0474802253640718,0.08020012180249993
"(26, 8, True)",0,0,0,0,0
"(26, 8, False)",-0.021236352017562604,0.04309019749999991,-0.23892505000000008,-0.21318850000000006,-0.18200000000000002
"(26, 9, True)",0,0,0,0,0
"(26, 9, False)",-0.07182374001250008,0.08691864999999994,0,-0.024661000000000037,-0.07233384869025007
"(26, 10, True)",0,0,0,0,0
"(26, 10, False)",0.0022055010074999437,0.11331494999999997,-0.02763460000000004,-0.02703414700000004,-0.02708024410000004
"(26, 11, True)",0,0,0,0,0
"(26, 11, False)",0.07160614999999998,-0.04205958432550007,-0.12468505000000002,0.07204877224999987,-0.14297605000000002
"(26, 12, True)",0,0,0,0,0
"(26, 12, False)",-0.04690000000000004,0.43147628316326986,-0.10112214472500011,0.06104978397024828,0.046979783970248254
"(26, 13, True)",0,0,0,0,0
"(26, 13, False)",-0.14,0.33653548827499996,-0.03875353300000005,-0.08572900000000004,-0.06934900000000005
"(26, 14, True)",0,0,0,0,0
"(26, 14, False)",-0.18200000000000002,0.13999999999999999,0,0,-0.18200000000000002
"(27, 0, True)",0.0,0.0,0.0,0.0,0.0
"(27, 0, False)",0.23309999999999995,0.0,-0.14,-0.14,0.0
"(27, 1, True)",0,0,0,0,0
"(27, 1, False)",0,0,0,0,0
"(27, 2, True)",0,0,0,0,0
"(27, 2, False)",0,0,0,0,0
"(27, 3, True)",0,0,0,0,0
"(27, 3, False)",0,0,0,0,0
"(27, 4, True)",0,0,0,0,0
"(27, 4, False)",-0.04690000000000004,-0.14,0,0,0
"(27, 5, True)",0,0,0,0,0
"(27, 5, False)",0.13999999999999999,-0.14,0,0,-0.14
"(27, 6, True)",0,0,0,0,0
"(27, 6, False)",0,-0.14,0,0,-0.14
"(27, 7, True)",0,0,0,0,0
"(27, 7, False)",0.022114979385015845,0.18288078074778144,0.011048813375584297,-0.02829628080272539,0.009718912524999937
"(27, 8, True)",0,0,0,0,0
"(27, 8, False)",-0.033616945802725395,-0.036454517672509124,-0.23379792863827498,-0.22899555377077496,-0.20762365697500007
"(27, 9, True)",0,0,0,0,0
"(27, 9, False)",-0.04204319000000001,0.11879345677499993,0.08114548014999994,-0.1140812869103251,0.027280434999999922
"(27, 10, True)",0,0,0,0,0
"(27, 10, False)",0,0.26009969999999993,-0.14,-0.13966466500000005,-0.14
"(27, 11, True)",0,0,0,0,0
"(27, 11, False)",0.3827771324999999,-0.01521403541000009,0,-0.04690000000000004,0.012974134589499878
"(27, 12, True)",0,0,0,0,0
"(27, 12, False)",0.2670989999999999,0.24443741961992488,0.05229296064999985,0.04737896064999985,0.048907085499999864
"(27, 13, True)",0,0,0,0,0
"(27, 13, False)",0.2920008349999999,0.19740329752499994,0.009746101924999861,0.05913450790099985,-0.029580918947975626
"(27, 14, True)",0,0,0,0,0
"(27, 14, False)",0.12278380951374998,-0.017073523250000028,-0.05528900825000003,-0.05528900825000003,-0.09728900825000004
"(28, 0, True)",0.0,0.0,0.0,0.0,0.0
"(28, 0, False)",0.13999999999999999,0.0,0.0,0.0,0.0
"(28, 1, True)",0,0,0,0,0
"(28, 1, False)",0,0,0,0,0
"(28, 2, True)",0,0,0,0,0
"(28, 2, False)",0,0,0,0,0
"(28, 3, True)",0,0,0,0,0
"(28, 3, False)",0,0,0,0,0
"(28, 4, True)",0,0,0,0,0
"(28, 4, False)",0,0.23309999999999995,-0.14,-0.18200000000000002,-0.19460000000000002
"(28, 5, True)",0,0,0,0,0
"(28, 5, False)",0,0.27509999999999996,-0.19838000000000003,-0.14,0
"(28, 6, True)",0,0,0,0,0
"(28, 6, False)",0.1949159940445414,0.20991495,-0.04690000000000004,-0.06097000000000005,0
"(28, 7, True)",0,0,0,0,0
"(28, 7, False)",0.03550245420575429,0.31356352690167283,-0.1396840059554586,-0.009173148247361929,-0.02077525936639965
"(28, 8, True)",0,0,0,0,0
"(28, 8, False)",0.08833624870735035,0.3864313267499999,-0.10151194460961208,-0.12325639460961205,-0.018727765000000077
"(28, 9, True)",0,0,0,0,0
"(28, 9, False)",0.3135849499999999,0.33977548499999993,0.08909418927499989,0,0.06853399174999991
"(28, 10, True)",0,0,0,0,0
"(28, 10, False)",0.21056173909224993,0.08539999999999995,-0.06097000000000005,0.006759807774999939,-0.06695115700000005
"(28, 11, True)",0,0,0,0,0
"(28, 11, False)",0.24131662702998372,0.006521484099112411,0.007860380499999908,0.005654949999999933,0.0068790641499999056
"(28, 12, True)",0,0,0,0,0
"(28, 12, False)",0.182,0.3359167101499999,0.006666756582499947,0.12268482185749985,0.07921066527499987
"(28, 13, True)",0,0,0,0,0
"(28, 13, False)",0.13999999999999999,0.21903,-0.06097000000000005,0,0
"(28, 14, True)",0,0,0,0,0
"(28, 14, False)",0,0,0,0,0
"(29, 0, True)",0.0,0.0,0.0,0.0,0.0
"(29, 0, False)",0.21000000000000002,0.0,-0.06999999999999999,0.0,0.0
"(29, 1, True)",0,0,0,0,0
"(29, 1, False)",-0.06999999999999999,0,0,0,0
"(29, 2, True)",0,0,0,0,0
"(29, 2, False)",0,0,0,0,0
"(29, 3, True)",0,0,0,0,0
"(29, 3, False)",0,0,0,0,0
"(29, 4, True)",0,0,0,0,0
"(29, 4, False)",0,0,0,0,0
"(29, 5, True)",0,0,0,0,0
"(29, 5, False)",0,0,0,0,0
"(29, 6, True)",0,0,0,0,0
"(29, 6, False)",0,0,0,0,0
"(29, 7, True)",0,0,0,0,0
"(29, 7, False)",0,0.29210234932533286,0,0,0.0754297542057543
"(29, 8, True)",0,0,0,0,0
"(29, 8, False)",0,0,0,0,0
"(29, 9, True)",0,0,0,0,0
"(29, 9, False)",0,0,0,0,0
"(29, 10, True)",0,0,0,0,0
"(29, 10, False)",-0.14,0.24622980777499995,-0.19838000000000003,-0.14,-0.28770000000000007
"(29, 11, True)",0,0,0,0,0
"(29, 11, False)",-0.14,0.18356814590974999,-0.043423943233387566,0,0
"(29, 12, True)",0,0,0,0,0
"(29, 12, False)",-0.017927182970016282,0,0,0,0
"(29, 13, True)",0,0,0,0,0
"(29, 13, False)",0,0,0,0,0
"(29, 14, True)",0,0,0,0,0
"(29, 14, False)",0,0,0,0,0
